line_num,object
13,131
18,93
45,93
111,93
211,93
226,131
240,93
268,93
359,93
370,131
384,93
416,131
420,93
465,93
491,131
521,131
571,93
644,93
646,93
667,93
674,93
683,131
716,131
717,93
774,131
800,93
827,93
866,93
939,93
981,93
993,131
1005,93
1029,131
1052,93
1072,131
1079,93
1102,93
1106,93
1143,93
1147,93
1169,93
1203,93
1306,93
1379,93
1405,93
1487,93
1541,131
1549,93
1569,93
1571,131
1636,93
1667,93
1686,93
1690,93
1787,131
1857,131
1880,93
1926,93
2005,93
2052,93
2067,131
2139,93
2152,93
2158,93
2176,131
2207,93
2214,131
2222,93
2233,93
2236,131
2250,131
2328,93
2338,93
2354,93
2445,93
2447,93
2455,93
2510,93
2548,93
2558,131
2559,93
2605,93
2607,131
2619,93
2620,93
2650,93
2672,131
2711,93
2712,131
2780,131
2783,93
2788,93
2804,131
2828,93
2842,93
2850,93
2881,131
2884,131
2970,93
3023,93
3161,131
3170,131
3199,93
3212,131
3221,93
3241,93
3254,131
3263,131
3336,131
3505,93
3551,93
3571,93
3574,131
3596,93
3605,93
3607,131
3610,93
3643,93
3668,93
3757,93
3762,93
3799,93
3859,131
3862,93
3878,93
3895,93
3908,131
3910,93
3941,93
4030,93
4085,131
4103,93
4115,93
4161,131
4191,93
4218,93
4257,131
4289,131
4375,93
4418,131
4436,131
4448,93
4451,93
4468,93
4526,93
4618,93
4622,93
4631,131
4669,93
4679,93
4686,131
4689,93
4711,93
4715,93
4733,93
4778,93
4780,93
4788,131
4865,93
4899,93
4920,131
4924,93
4961,93
4975,93
4993,131
5011,93
5013,93
5063,131
5069,93
5097,131
5137,93
5143,131
5160,131
5161,131
5230,93
5250,93
5252,93
5278,93
5328,93
5425,93
5461,93
5490,93
5520,93
5521,131
5543,93
5559,131
5572,93
5589,131
5590,93
5621,131
5649,93
5673,131
5692,131
5701,93
5738,93
5852,131
5889,131
6095,93
6122,131
6200,131
6209,93
6258,93
6340,131
6447,93
6459,93
6490,131
6512,93
6517,93
6571,93
6585,93
6622,93
6639,131
6676,131
6704,93
6711,93
6718,131
6724,93
6748,131
6773,93
6788,93
6804,93
6864,131
7002,131
7023,131
7098,131
7132,93
7163,93
7175,131
7192,93
7208,93
7217,93
7236,93
7401,93
7494,93
7535,131
7564,93
7573,93
7631,93
7646,93
7676,93
7782,93
7801,93
7829,131
7909,131
7932,93
7960,93
7974,131
7990,93
8002,131
8020,131
8047,93
8061,131
8122,131
8124,131
8158,93
8190,93
8331,93
8428,131
8461,93
8472,131
8528,93
8538,131
8580,131
8628,93
8705,131
8747,131
8804,93
8826,131
8846,93
8891,93
8893,93
8900,131
8920,93
8940,93
9009,93
9069,131
9072,131
9154,93
9203,93
9204,131
9212,93
9231,93
9241,93
9265,93
9332,93
9337,131
9354,93
9358,131
9361,131
9407,93
9444,93
9468,93
9476,93
9514,131
9524,93
9542,93
9558,93
9562,93
9563,131
9571,93
9645,131
9684,93
9699,93
9734,93
9737,93
9746,93
9750,131
9782,93
9825,131
9828,131
9867,131
9874,93
9896,131
9954,93
9957,93
9962,93
9972,93
10016,93
10083,131
10084,131
10169,131
10190,93
10202,131
10214,93
10224,93
10231,93
10238,131
10261,93
10267,93
10361,93
10393,93
10410,131
10421,131
10425,131
10438,93
10441,131
10470,93
10499,131
10507,93
10530,93
10545,93
10562,93
10691,131
10695,93
10709,131
10717,131
10773,131
10835,131
10850,131
10874,131
10912,93
10924,93
10953,93
10982,93
11044,93
11047,93
11110,131
11180,93
11185,93
11199,131
11217,131
11264,131
11304,93
11313,93
11356,93
11413,93
11416,131
11460,93
11487,93
11497,93
11512,93
11547,93
11623,93
11663,131
11696,93
11725,93
11743,93
11790,131
11839,131
11881,93
11886,93
11940,131
11940,93
11947,93
11949,131
11950,131
12016,131
12040,93
12047,93
12051,131
12051,93
12054,131
12069,93
12094,93
12118,93
12124,131
12126,131
12146,131
12147,93
12159,93
12179,93
12190,131
12205,131
12293,131
12297,131
12354,93
12362,93
12371,131
12379,93
12418,93
12446,93
12451,131
12460,93
12471,131
12486,131
12509,131
12727,131
12737,93
12745,93
12758,93
12769,93
12847,131
12862,131
12885,93
12891,131
12895,131
12948,93
12962,93
12967,131
12975,93
12989,93
13016,93
13063,131
13073,93
13083,93
13156,93
13217,93
13239,93
13257,131
13262,93
13442,93
13457,93
13467,93
13470,131
13478,93
13484,93
13562,131
13564,93
13577,131
13631,93
13672,131
13680,131
13694,93
13700,93
13712,93
13714,131
13737,131
13756,131
13794,93
13840,93
13851,131
13881,131
13897,131
13987,93
14065,93
14073,93
14092,131
14102,93
14115,93
14125,93
14154,131
14167,93
14204,93
14332,93
14348,93
14382,131
14413,131
14452,131
14477,93
14583,93
14613,131
14694,93
14721,93
14812,93
14813,93
14873,93
14877,93
14933,93
14947,131
14966,93
15008,131
15064,131
15064,93
15065,93
15141,93
15145,93
15172,93
15275,131
15300,93
15319,93
15323,93
15336,93
15351,93
15370,131
15445,93
15459,93
15555,93
15576,93
15581,93
15661,131
15669,93
15671,93
15689,93
15708,93
15746,93
15748,93
15774,131
15777,131
15842,93
15892,93
15930,93
15972,131
15979,93
15988,131
16007,131
16082,93
16099,131
16149,93
16153,131
16168,93
16196,93
16215,131
16220,93
16266,93
16282,131
16290,93
16348,131
16357,131
16372,93
16431,93
16451,131
16457,131
16462,131
16552,93
16558,93
16577,93
16580,93
16625,93
16649,93
16741,93
16759,131
16774,93
16782,93
16836,93
16842,93
16904,131
16909,93
17002,93
17019,93
17035,93
17040,131
17111,93
17141,93
17149,131
17158,93
17161,131
17172,131
17190,131
17217,93
17239,93
17283,93
17291,131
17294,131
17312,93
17338,93
17437,93
17439,131
17449,93
17504,93
17530,93
17570,93
17585,93
17586,131
17619,93
17648,93
17669,93
17680,93
17693,93
17745,93
17780,93
17819,131
17850,93
17938,93
17953,93
17977,131
18192,93
18254,131
18276,131
18353,93
18371,93
18388,93
18399,131
18427,93
18638,93
18663,93
18700,93
18710,131
18710,93
18719,93
18815,93
18826,131
18828,93
18834,93
18865,93
18914,93
18967,131
19003,131
19098,93
19113,93
19114,93
19271,131
19280,93
19292,93
19315,93
19338,131
19406,93
19452,131
19506,131
19511,131
19525,93
19568,131
19570,131
19579,131
19593,93
19597,93
19637,131
19719,131
19723,93
19749,131
19781,131
19785,131
19803,93
19899,93
19915,93
19956,93
19973,131
19988,93
20023,93
20039,131
20103,131
20114,131
20125,131
20139,93
20141,131
20218,131
20256,131
20290,93
20369,93
20372,93
20387,93
20410,131
20413,93
20416,131
20417,93
20451,131
20466,131
20486,93
20535,93
20673,93
20676,131
20684,93
20704,131
20749,131
20783,131
20792,93
20824,93
20829,93
20887,93
20902,93
20999,93
21000,93
21058,93
21129,93
21138,93
21141,131
21159,93
21196,131
21202,93
21209,93
21210,131
21232,131
21234,131
21255,93
21257,93
21268,93
21358,93
21400,131
21442,131
21443,93
21591,93
21683,93
21718,93
21772,93
21817,93
21822,93
21875,93
21876,93
21877,93
21884,93
21901,131
21925,93
22037,93
22069,131
22076,131
22096,131
22104,131
22114,131
22211,131
22272,131
22281,131
22301,93
22310,93
22358,93
22428,93
22440,131
22446,131
22465,93
22512,131
22534,93
22536,131
22541,93
22563,93
22587,93
22604,93
22656,93
22659,93
22660,131
22662,93
22678,93
22687,131
22695,93
22706,93
22717,93
22733,93
22791,93
22817,131
22830,93
22834,93
22847,131
22862,131
23001,93
23005,93
23086,131
23168,93
23193,93
23200,131
23201,131
23237,93
23263,131
23309,93
23315,93
23340,93
23403,93
23416,93
23463,93
23482,93
23484,93
23513,93
23522,131
23524,131
23599,93
23638,93
23676,93
23697,131
23725,93
23730,131
23739,93
23745,93
23769,131
23803,131
23834,93
23896,93
23934,131
23949,93
23969,93
24043,93
24053,93
24124,93
24127,131
24172,93
24281,93
24331,131
24338,131
24357,93
24371,93
24385,93
24404,131
24449,131
24464,93
24486,93
24549,93
24557,93
24620,93
24624,131
24721,131
24744,93
24779,93
24808,93
24970,93
25021,93
25059,93
25081,93
25138,93
25150,131
25161,131
25255,93
25295,131
25385,131
25386,131
25468,131
25510,93
25598,131
25607,131
25657,93
25743,93
25759,131
25778,131
25788,131
25815,93
25853,93
25859,93
25864,93
25891,93
25924,93
25944,93
25949,93
25978,131
25999,131
26087,93
26113,93
26159,131
26181,93
26182,131
26222,131
26238,131
26271,131
26273,93
26292,93
26372,93
26375,93
26397,93
26473,93
26478,93
26489,93
26492,93
26512,93
26555,93
26559,131
26576,93
26593,93
26600,93
26602,131
26659,93
26698,131
26700,131
26741,131
26757,93
26790,131
26807,131
26829,131
26917,131
26977,93
27000,93
27024,93
27097,131
27102,93
27109,131
27175,93
27179,93
27200,131
27206,93
27274,131
27295,93
27308,93
27316,93
27332,93
27354,93
27355,93
27364,93
27385,93
27404,93
27426,131
27438,93
27441,93
27443,93
27524,93
27574,131
27579,131
27587,93
27641,93
27657,93
27764,131
27778,93
27780,131
27782,131
27810,93
27881,93
27952,93
28070,131
28199,93
28221,131
28323,131
28324,93
28341,93
28368,131
28373,131
28402,93
28413,93
28428,93
28484,93
28526,131
28560,93
28580,131
28591,131
28610,131
28640,93
28647,131
28655,93
28658,131
28679,131
28711,93
28739,93
28759,93
28760,93
28769,93
28811,93
28829,93
28866,131
28917,131
28923,93
28960,131
29015,93
29037,131
29053,93
29057,131
29117,93
29128,93
29137,93
29145,131
29160,93
29176,131
29193,93
29225,93
29256,93
29317,93
29343,93
29394,93
29423,131
29446,93
29469,131
29473,131
29495,93
29536,131
29555,93
29590,93
29608,93
29610,131
29720,131
29776,131
29795,93
29802,131
29813,93
29831,93
29932,93
29963,93
29981,131
30012,93
30057,93
30071,131
30082,93
30106,131
30122,131
30132,93
30144,93
30195,93
30305,93
30308,93
30363,93
30410,131
30425,93
30433,93
30501,131
30540,93
30556,131
30562,93
30589,93
30803,93
30899,93
30905,93
30909,131
30998,131
30999,93
31073,131
31078,131
31091,93
31106,93
31107,131
31328,93
31341,131
31346,93
31361,131
31381,93
31382,93
31402,131
31436,131
31469,93
31492,93
31495,131
31527,131
31536,131
31592,131
31595,131
31673,93
31746,93
31775,93
31799,93
31881,93
31922,131
31933,93
31946,131
32016,93
32025,93
32052,131
32104,131
32158,131
32162,131
32175,131
32255,93
32261,131
32265,93
32329,131
32329,93
32369,93
32396,131
32421,93
32480,131
32510,93
32540,93
32550,93
32565,93
32701,131
32748,93
32751,131
32777,93
32812,131
32839,93
32853,131
32871,131
32941,131
32951,131
32955,131
33035,93
33047,131
33100,131
33105,93
33114,131
33155,93
33171,131
33173,93
33250,93
33293,93
33296,93
33309,131
33334,93
33405,93
33418,93
33422,131
33458,93
33513,93
33525,93
33554,93
33586,131
33676,131
33700,93
33725,131
33755,131
33777,131
33782,93
33793,93
33828,93
33843,93
33884,93
33914,131
33948,93
33981,93
33988,93
33991,131
34004,131
34015,93
34025,93
34034,131
34083,93
34107,131
34130,131
34154,93
34265,93
34294,131
34316,93
34318,93
34323,93
34331,93
34352,131
34392,131
34428,93
34432,93
34457,131
34460,93
34510,131
34581,131
34591,131
34637,93
34676,93
34772,93
34774,93
34836,93
34840,93
34875,93
34876,131
34886,93
34893,93
34905,131
34927,131
34940,93
34971,93
35026,93
35063,93
35143,93
35241,93
35268,93
35309,131
35351,93
35352,93
35413,93
35448,93
35495,93
35550,93
35577,93
35595,93
35602,93
35606,93
35614,93
35652,131
35687,93
35691,131
35719,93
35735,93
35756,131
35800,131
35803,131
35952,93
35976,93
36016,93
36114,131
36200,93
36216,93
36227,131
36284,93
36466,93
36512,131
36538,93
36595,131
36638,131
36644,131
36653,93
36751,93
36795,93
36797,93
36900,93
36929,93
36947,93
36955,131
36964,93
36979,93
36980,131
36985,93
37020,131
37034,93
37038,93
37064,131
37088,93
37122,131
37140,131
37144,93
37153,93
37204,131
37392,131
37399,93
37420,93
37434,131
37493,93
37498,93
37510,93
37530,131
37561,131
37567,131
37575,93
37610,93
37664,93
37673,93
37687,131
37766,93
37789,93
37797,131
37836,131
37931,93
37969,131
38018,93
38034,131
38067,93
38077,93
38116,93
38118,93
38159,93
38219,131
38250,93
38259,93
38404,93
38454,131
38491,93
38502,93
38520,93
38537,93
38549,131
38579,93
38590,93
38617,93
38656,93
38660,131
38681,93
38728,93
38901,93
38954,93
39045,131
39059,93
39061,131
39068,93
39074,131
39096,93
39098,93
39099,93
39112,131
39140,93
39162,131
39164,93
39177,131
39185,93
39262,93
39265,93
39314,93
39327,93
39338,93
39379,93
39385,93
39393,93
39421,93
39432,131
39432,93
39460,93
39466,93
39546,131
39586,131
39611,93
39616,131
39621,131
39628,93
39633,131
39644,93
39680,131
39743,93
39749,93
39765,93
39836,93
39893,93
39897,131
39915,93
39934,93
39953,93
39983,93
40002,131
40006,93
40011,131
40027,93
40034,93
40069,131
40100,93
40117,93
40264,93
40280,93
40290,93
40298,131
40322,131
40328,131
40374,131
40374,93
40409,131
40411,93
40416,93
40453,131
40533,93
40579,131
40581,131
40584,93
40646,93
40673,131
40707,131
40723,93
40855,131
40856,93
40881,93
40893,93
40956,93
41127,93
41142,93
41144,93
41147,131
41244,131
41251,131
41257,131
41266,93
41272,93
41283,93
41302,93
41324,131
41334,93
41358,93
41378,93
41425,131
41431,93
41433,93
41485,93
41488,131
41491,93
41508,93
41511,93
41559,93
41573,93
41611,131
41652,93
41668,131
41681,93
41691,93
41752,131
41831,131
41841,93
41857,93
41867,131
41894,131
41904,131
41953,131
42043,93
42053,93
42077,131
42099,93
42148,93
42245,93
42254,131
42273,93
42298,131
42333,93
42394,93
42407,93
42473,131
42483,93
42485,131
42504,93
42533,93
42673,131
42683,93
42689,131
42721,131
42760,93
42787,131
42863,131
42958,93
43004,131
43035,93
43054,93
43074,93
43098,93
43130,93
43141,93
43150,131
43173,93
43178,131
43205,93
43255,93
43276,131
43318,93
43382,131
43433,131
43447,131
43453,131
43486,131
43516,93
43560,93
43587,93
43589,93
43630,93
43686,131
43733,93
43751,93
43768,93
43802,131
43804,131
43852,93
43862,131
43862,93
43888,131
43917,93
43969,93
43988,131
44032,131
44081,93
44093,93
44128,93
44166,93
44193,131
44210,93
44222,93
44258,131
44270,131
44288,131
44298,131
44315,131
44402,93
44465,93
44513,93
44577,131
44614,93
44658,131
44706,131
44708,93
44724,93
44737,93
44774,93
44778,131
44821,93
44856,93
44877,93
44878,93
44913,93
44929,131
44960,93
45009,93
45017,93
45026,131
45062,93
45063,131
45068,93
45097,93
45112,93
45116,93
45122,93
45144,93
45146,131
45167,93
45171,93
45178,131
45300,93
45323,93
45346,93
45387,131
45456,131
45525,131
45559,93
45569,131
45577,93
45585,131
45605,93
45610,93
45615,93
45633,93
45659,93
45681,93
45683,93
45709,131
45785,93
45831,93
45850,93
45884,131
45929,93
45933,131
45941,131
45978,93
45990,93
46012,93
46034,93
46066,131
46098,93
46134,131
46269,93
46292,131
46309,93
46364,131
46370,93
46400,131
46435,131
46465,93
46472,93
46473,131
46538,131
46561,93
46567,93
46622,93
46638,131
46687,93
46709,93
46719,131
46721,93
46751,131
46778,131
46780,93
46829,93
46871,93
46917,131
46964,93
46973,131
47051,93
47102,93
47136,131
47159,93
47187,131
47206,93
47235,93
47273,131
47279,93
47288,93
47368,93
47446,93
47456,93
47484,93
47490,93
47497,93
47563,131
47603,93
47634,93
47662,93
47675,93
47730,131
47757,93
47800,93
47854,93
47948,131
47996,131
48074,93
48138,131
48203,93
48225,93
48244,131
48254,93
48302,131
48331,131
48337,131
48383,93
48398,131
48424,93
48496,131
48520,93
48554,93
48573,93
48577,131
48583,93
48584,93
48597,93
48598,93
48610,131
48616,93
48643,93
48675,93
48687,93
48692,93
48808,131
48810,93
48826,93
48829,131
48833,131
49050,131
49061,93
49152,93
49154,93
49228,93
49248,93
49257,93
49258,93
49276,93
49306,131
49319,131
49344,93
49355,93
49378,93
49395,131
49518,93
49547,131
49559,131
49584,93
49596,131
49601,93
49623,93
49628,93
49682,93
49693,131
49698,131
49734,131
49816,93
49899,131
49931,93
49934,93
49955,93
49972,131
49997,93
50049,93
50097,131
50112,93
50139,131
50169,93
50253,93
50266,93
50297,93
50336,131
50344,131
50376,131
50381,131
50420,131
50431,93
50492,131
50515,93
50586,93
50645,93
50757,131
50773,131
50798,93
50809,131
50828,93
50887,131
50904,93
50943,131
50944,93
51038,131
51067,93
51093,131
51187,131
51204,131
51337,131
51339,93
51374,131
51397,93
51460,93
51492,131
51517,93
51536,131
51577,93
51593,93
51594,131
51689,93
51764,93
51827,93
51860,131
51864,93
51865,93
51899,93
51994,93
52055,93
52070,93
52078,93
52087,93
52109,93
52142,93
52162,131
52175,93
52177,93
52199,131
52244,131
52256,93
52272,93
52283,131
52292,131
52341,93
52344,93
52429,131
52442,93
52455,93
52491,93
52510,131
52526,131
52529,93
52535,131
52551,93
52578,131
52625,93
52798,131
52810,93
52816,131
52873,131
52910,131
52963,93
53017,93
53034,93
53052,93
53067,93
53069,93
53078,131
53120,131
53165,93
53218,131
53241,93
53250,131
53272,93
53294,93
53307,93
53318,131
53340,93
53383,93
53397,131
53398,131
53403,93
53415,93
53458,93
53459,93
53464,93
53469,131
53470,93
53486,93
53516,93
53533,93
53644,93
53695,131
53791,93
53800,93
53858,93
53890,131
53904,93
53911,131
53942,131
53945,93
53949,93
54018,93
54072,93
54156,131
54395,93
54470,93
54480,93
54577,93
54597,93
54610,131
54654,93
54656,93
54674,131
54744,93
54786,93
54796,131
54845,131
54870,93
54884,131
54921,131
54924,131
55026,93
55030,131
55048,131
55056,131
55109,131
55136,131
55221,131
55257,93
55307,93
55377,93
55409,93
55442,93
55450,93
55475,93
55483,93
55507,93
55508,93
55543,93
55552,131
55598,93
55629,93
55640,93
55678,131
55743,93
55753,131
55831,131
55836,93
55851,93
55867,93
55874,131
55899,131
55923,131
55946,131
55950,93
55974,93
56077,131
56085,131
56125,93
56248,93
56261,93
56280,93
56301,93
56330,131
56338,131
56362,93
56418,131
56465,131
56473,131
56514,93
56527,131
56562,131
56582,93
56616,93
56629,131
56632,93
56637,93
56647,93
56663,93
56770,131
56788,93
56801,93
56864,131
56903,93
56906,93
56955,131
57009,93
57090,93
57095,93
57104,93
57121,93
57131,131
57204,131
57218,131
57219,131
57219,93
57231,93
57232,131
57241,93
57272,93
57305,93
57313,93
57360,93
57372,93
57385,93
57451,131
57477,93
57491,93
57527,131
57625,93
57649,131
57649,93
57680,131
57720,93
57741,93
57752,93
57756,131
57858,131
57878,93
57914,93
57916,93
57917,131
57931,131
57935,131
58025,131
58062,93
58114,93
58133,93
58187,131
58236,131
58280,93
58327,131
58331,93
58355,93
58376,93
58418,93
58423,93
58555,93
58556,93
58564,93
58632,131
58648,93
58674,131
58676,93
58687,93
58771,93
58811,93
58860,93
58871,93
58877,93
58908,131
58935,93
58965,93
59014,93
59082,93
59106,131
59150,93
59250,93
59266,93
59282,93
59368,131
59383,131
59419,131
59421,93
59502,93
59558,93
59583,93
59590,93
59592,93
59632,93
59679,93
59709,93
59722,93
59729,93
59732,131
59735,93
59755,93
59809,93
59885,93
59920,93
60002,93
60030,93
60088,93
60127,131
60129,93
60153,93
60179,131
60208,93
60284,131
60308,93
60319,131
60380,93
60414,93
60424,93
60438,131
60472,131
60529,93
60542,93
60555,93
60605,93
60617,93
60644,93
60694,93
60721,93
60737,131
60756,131
60831,93
60874,131
60920,93
60939,131
60957,131
60958,93
60967,93
60991,93
61021,131
61022,131
61127,93
61150,93
61199,93
61214,93
61242,131
61323,131
61340,93
61347,93
61368,93
61370,131
61418,131
61438,131
61465,93
61467,93
61503,93
61534,93
61614,93
61632,131
61677,93
61679,131
61697,131
61699,93
61757,131
61780,93
61786,93
61878,131
61906,93
61926,131
61961,131
61998,93
62004,93
62008,93
62025,93
62034,93
62081,93
62089,93
62137,93
62147,131
62164,93
62248,93
62250,131
62255,93
62259,93
62347,93
62349,131
62422,93
62429,93
62458,93
62486,131
62490,93
62504,93
62532,131
62578,93
62598,93
62599,93
62606,93
62634,93
62636,131
62675,131
62715,93
62730,93
62731,131
62788,131
62814,93
62817,131
62881,93
62918,93
62920,93
62997,93
63009,93
63031,93
63092,93
63095,93
63117,93
63119,131
63134,93
63147,93
63190,93
63191,93
63193,93
63211,131
63301,93
63305,93
